USE tourism_db;

INSERT INTO 员工 (导游号, 身份证号, 姓名, 导游资格等级)
VALUES
    ('G001', '110101199003072516', '张伟', '高级'),
    ('G002', '110101198504123456', '王芳', '中级'),
    ('G003', '110101199206154321', '李娜', '初级'),
    ('G004', '110101198809221234', '赵强', '高级'),
    ('G005', '110101199312111111', '孙丽', '中级');

INSERT INTO 分公司 (分公司ID, 名称, 办公地址, 经理ID)
VALUES
    ('B001', '北京分公司', '北京市朝阳区建国路88号', 'G001'),
    ('B002', '上海分公司', '上海市浦东新区世纪大道100号', 'G002'),
    ('B003', '广州分公司', '广州市天河区珠江新城华夏路23号', 'G003'),
    ('B004', '成都分公司', '成都市武侯区人民南路四段55号', 'G004'),
    ('B005', '武汉分公司', '武汉市江汉区解放大道688号', 'G005');

UPDATE 员工 SET 分公司ID = 'B001' WHERE 导游号 = 'G001';
UPDATE 员工 SET 分公司ID = 'B002' WHERE 导游号 = 'G002';
UPDATE 员工 SET 分公司ID = 'B003' WHERE 导游号 = 'G003';
UPDATE 员工 SET 分公司ID = 'B001' WHERE 导游号 = 'G004';
UPDATE 员工 SET 分公司ID = 'B002' WHERE 导游号 = 'G005';


INSERT INTO 旅游线路 (线路ID, 地点, 景点, 时间段, 价格, 交通方式, 服务等级)
VALUES
    ('T001', '北京-天津', '故宫、长城、五大道', '3天2晚', 1500.00, '大巴', '标准'),
    ('T002', '上海-杭州', '外滩、西湖、灵隐寺', '4天3晚', 2200.00, '高铁', '高级'),
    ('T003', '成都-重庆', '宽窄巷子、磁器口、洪崖洞', '5天4晚', 1800.00, '飞机+大巴', '豪华'),
    ('T004', '广州-深圳', '白云山、世界之窗、欢乐谷', '2天1晚', 1000.00, '大巴', '标准'),
    ('T005', '武汉-长沙', '黄鹤楼、橘子洲头、岳麓山', '3天2晚', 1300.00, '高铁', '高级');

INSERT INTO 客户 (客户ID, 身份证号, 姓名, 工作单位, 职业)
VALUES
    ('C001', '110101198001011234', '刘洋', '腾讯科技有限公司', '软件工程师'),
    ('C002', '110101198202022345', '陈静', '阿里巴巴集团', '产品经理'),
    ('C003', '110101199003033456', '周杰', '华为技术有限公司', '网络工程师'),
    ('C004', '110101198504044567', '吴婷', '工商银行', '银行职员'),
    ('C005', '110101198805055678', '黄磊', '京东商城', '市场经理');

INSERT INTO 合同 (合同ID, 版本号, 线路ID, 导游ID, 服务等级, 保险信息, 费用约定, 旅游时间)
VALUES
    ('CT001', 'v1.0', 'T001', 'G001', '标准', '平安保险', 1500.00, '2024-06-10'),
    ('CT002', 'v1.1', 'T002', 'G002', '高级', '太平洋保险', 2200.00, '2024-07-15'),
    ('CT003', 'v1.0', 'T003', 'G003', '高级', '人保财险', 1800.00, '2024-08-20'),
    ('CT004', 'v1.2', 'T004', 'G004', '标准', '平安保险', 1000.00, '2024-09-10'),
    ('CT005', 'v1.0', 'T005', 'G005', '中级', '人寿保险', 1300.00, '2024-10-05');

INSERT INTO 旅游信息 (旅游ID, 客户ID, 线路ID, 旅游时间, 费用, 保险, 服务等级, 合同ID)
VALUES
    ('TR001', 'C001', 'T001', '2024-06-10', 1500.00, '平安保险', '标准', 'CT001'),
    ('TR002', 'C002', 'T002', '2024-07-15', 2200.00, '太平洋保险', '高级', 'CT002'),
    ('TR003', 'C003', 'T003', '2024-08-20', 1800.00, '人保财险', '豪华', 'CT003'),
    ('TR004', 'C004', 'T004', '2024-09-10', 1000.00, '平安保险', '标准', 'CT004'),
    ('TR005', 'C005', 'T005', '2024-10-05', 1300.00, '人寿保险', '高级', 'CT005');

INSERT INTO 旅游团 (旅游团ID, 导游ID, 线路ID, 旅游时间)
VALUES
    ('TG001', 'G001', 'T001', '2024-06-10'),
    ('TG002', 'G002', 'T002', '2024-07-15'),
    ('TG003', 'G003', 'T003', '2024-08-20'),
    ('TG004', 'G004', 'T004', '2024-09-10'),
    ('TG005', 'G005', 'T005', '2024-10-05');

INSERT INTO 旅游团_客户 (旅游团ID, 客户ID)
VALUES
    ('TG001', 'C001'),
    ('TG001', 'C002'),
    ('TG002', 'C003'),
    ('TG002', 'C004'),
    ('TG003', 'C005'),
    ('TG004', 'C001'),
    ('TG004', 'C002'),
    ('TG005', 'C003');

INSERT INTO 财务账目 (账目ID, 类型, 统计月份, 关联ID, 金额)
VALUES
    ('F001', '分类账', '2024-05-01', 'T001', 15000.00),
    ('F002', '总账', '2024-05-01', 'B001', 45000.00),
    ('F003', '分类账', '2024-05-01', 'T002', 22000.00),
    ('F004', '总账', '2024-05-01', 'B002', 30000.00),
    ('F005', '分类账', '2024-05-01', 'T003', 18000.00);

INSERT INTO 财务账目 (账目ID, 类型, 统计月份, 关联ID, 金额) VALUES
                                                                -- 分类账 - 线路
                                                                ('F010', '分类账', '2024-05-01', 'T001', 15000.00),
                                                                ('F011', '分类账', '2024-05-01', 'T002', 22000.00),
                                                                ('F012', '分类账', '2024-05-01', 'T003', 18000.00),
                                                                ('F013', '分类账', '2024-05-01', 'T004', 10000.00),
                                                                ('F014', '分类账', '2024-05-01', 'T005', 13000.00),

                                                                -- 总账 - 分公司
                                                                ('F020', '总账', '2024-05-01', 'B001', 45000.00),
                                                                ('F021', '总账', '2024-05-01', 'B002', 30000.00),
                                                                ('F022', '总账', '2024-05-01', 'B003', 35000.00),
                                                                ('F023', '总账', '2024-05-01', 'B004', 28000.00),
                                                                ('F024', '总账', '2024-05-01', 'B005', 22000.00),

                                                                -- 分类账 - 导游业绩
                                                                ('F030', '分类账', '2024-05-01', 'G001', 5000.00),
                                                                ('F031', '分类账', '2024-05-01', 'G002', 4500.00),
                                                                ('F032', '分类账', '2024-05-01', 'G003', 4000.00),
                                                                ('F033', '分类账', '2024-05-01', 'G004', 3500.00),
                                                                ('F034', '分类账', '2024-05-01', 'G005', 3000.00),

                                                                -- 分类账 - 客户消费
                                                                ('F040', '分类账', '2024-05-01', 'C001', 1500.00),
                                                                ('F041', '分类账', '2024-05-01', 'C002', 2200.00),
                                                                ('F042', '分类账', '2024-05-01', 'C003', 1800.00),
                                                                ('F043', '分类账', '2024-05-01', 'C004', 1000.00),
                                                                ('F044', '分类账', '2024-05-01', 'C005', 1300.00),

                                                                -- 跨月数据
                                                                ('F050', '分类账', '2024-06-01', 'T001', 16000.00),
                                                                ('F051', '分类账', '2024-06-01', 'G001', 5500.00),
                                                                ('F052', '分类账', '2024-06-01', 'C001', 1700.00),
                                                                ('F053', '总账', '2024-06-01', 'B001', 40000.00);
